{
  "Logistic Regression": {
    "threat_type": {
      "accuracy": 0.6450381679389313,
      "precision_macro": 0.39084937622395116,
      "recall_macro": 0.4428545700675255,
      "f1_macro": 0.3622602557488202,
      "precision_weighted": 0.8439889712324924,
      "recall_weighted": 0.6450381679389313,
      "f1_weighted": 0.6977524846762093,
      "confusion_matrix": [
        [
          242,
          0,
          268,
          0,
          0,
          19,
          0,
          0,
          0,
          49,
          0,
          0,
          0,
          7,
          0
        ],
        [
          11,
          28,
          5,
          0,
          1,
          9,
          4,
          5,
          2,
          4,
          6,
          0,
          4,
          0,
          67
        ],
        [
          0,
          12,
          121,
          0,
          4,
          0,
          34,
          0,
          0,
          19,
          4,
          0,
          0,
          0,
          0
        ],
        [
          3,
          0,
          0,
          367,
          0,
          18,
          1,
          0,
          0,
          1,
          0,
          0,
          0,
          0,
          0
        ],
        [
          0,
          0,
          0,
          0,
          3,
          0,
          0,
          0,
          0,
          0,
          6,
          0,
          0,
          0,
          0
        ],
        [
          2,
          0,
          0,
          11,
          0,
          22,
          1,
          0,
          1,
          1,
          0,
          0,
          1,
          0,
          0
        ],
        [
          0,
          1,
          134,
          0,
          0,
          0,
          779,
          0,
          0,
          213,
          0,
          0,
          1,
          24,
          0
        ],
        [
          0,
          0,
          0,
          0,
          2,
          0,
          0,
          0,
          0,
          0,
          3,
          0,
          0,
          0,
          5
        ],
        [
          0,
          0,
          0,
          0,
          0,
          0,
          0,
          0,
          0,
          0,
          0,
          0,
          0,
          0,
          0
        ],
        [
          0,
          0,
          1,
          0,
          0,
          2,
          1,
          0,
          0,
          21,
          0,
          0,
          0,
          0,
          0
        ],
        [
          0,
          0,
          0,
          0,
          4,
          0,
          0,
          0,
          0,
          0,
          1,
          0,
          0,
          0,
          0
        ],
        [
          0,
          0,
          0,
          0,
          0,
          0,
          0,
          0,
          0,
          0,
          0,
          7,
          0,
          0,
          0
        ],
        [
          0,
          0,
          0,
          0,
          3,
          0,
          0,
          2,
          0,
          0,
          2,
          0,
          0,
          0,
          0
        ],
        [
          0,
          0,
          1,
          0,
          0,
          0,
          0,
          0,
          0,
          0,
          0,
          0,
          0,
          0,
          0
        ],
        [
          0,
          0,
          0,
          0,
          0,
          0,
          0,
          10,
          9,
          0,
          0,
          3,
          22,
          0,
          268
        ]
      ],
      "labels": [
        "BENIGN",
        "BRUTE FORCE",
        "COMMAND INJECTION",
        "DATA EXFILTRATION",
        "LOG4J JNDI",
        "MALWARE",
        "OTHER",
        "PATH TRAVERSAL",
        "PHISHING",
        "PRIVILEGE ESCALATION",
        "REMOTE FILE INCLUSION",
        "SCANNER",
        "SQL INJECTION",
        "VULNERABILITY",
        "XSS"
      ]
    },
    "severity": {
      "accuracy": 0.9208882720333103,
      "precision_macro": 0.7560243618722383,
      "recall_macro": 0.9417180293850757,
      "f1_macro": 0.8148620309626693,
      "precision_weighted": 0.9520741320878736,
      "recall_weighted": 0.9208882720333103,
      "f1_weighted": 0.9299640766033523,
      "confusion_matrix": [
        [
          38,
          1,
          0,
          0
        ],
        [
          41,
          862,
          0,
          0
        ],
        [
          0,
          0,
          1541,
          172
        ],
        [
          0,
          0,
          14,
          213
        ]
      ],
      "labels": [
        "CRITICAL",
        "HIGH",
        "LOW",
        "MEDIUM"
      ]
    },
    "label": {
      "accuracy": 0.9764052741151977,
      "precision_macro": 0.9774505771764241,
      "recall_macro": 0.9736319205471968,
      "f1_macro": 0.975437725756197,
      "precision_weighted": 0.9765028357342456,
      "recall_weighted": 0.9764052741151977,
      "f1_weighted": 0.9763579116081137,
      "confusion_matrix": [
        [
          1121,
          48
        ],
        [
          20,
          1693
        ]
      ],
      "labels": [
        "adversarial",
        "normal"
      ]
    },
    "risk_score": {
      "mae": 0.5362024623358255,
      "rmse": 2.439855366284926,
      "mape": 1.3117538603420762,
      "r2": 0.9891153990882511
    },
    "efficiency": {
      "train_time_seconds": 19.326461599994218,
      "average_latency_seconds_per_sample": 1.9023802918611427e-05,
      "feature_count": 20,
      "parameter_count_estimate": 570
    },
    "notes": "Tabular baseline using DERG-derived numeric features only."
  },
  "Random Forest": {
    "threat_type": {
      "accuracy": 0.6599583622484386,
      "precision_macro": 0.3996285725674094,
      "recall_macro": 0.44838474315420546,
      "f1_macro": 0.37875698805304825,
      "precision_weighted": 0.843125291389583,
      "recall_weighted": 0.6599583622484386,
      "f1_weighted": 0.7112473712876287,