{
  "model_name": "trustsoc_derg",
  "dataset_rows": {
    "train": 23049,
    "val": 2881,
    "test": 2882
  },
  "threat_type": {
    "accuracy": 0.9989590562109646,
    "precision_macro": 0.9993197278911564,
    "recall_macro": 0.9918786692759295,
    "f1_macro": 0.9954062271666627,
    "precision_weighted": 0.9989689699613364,
    "recall_weighted": 0.9989590562109646,
    "f1_weighted": 0.9989500224470141,
    "confusion_matrix": [
      [
        585,
        0,
        0,
        0,
        0,
        0,
        0,
        0,
        0,
        0,
        0,
        0,
        0,
        0
      ],
      [
        0,
        144,
        0,
        0,
        0,
        0,
        0,
        0,
        0,
        0,
        0,
        0,
        0,
        2
      ],
      [
        0,
        0,
        194,
        0,
        0,
        0,
        0,
        0,
        0,
        0,
        0,
        0,
        0,
        0
      ],
      [
        0,
        0,
        0,
        390,
        0,
        0,
        0,
        0,
        0,
        0,
        0,
        0,
        0,
        0
      ],
      [
        0,
        0,
        0,
        0,
        9,
        0,
        0,
        0,
        0,
        0,
        0,
        0,
        0,
        0
      ],
      [
        0,
        0,
        0,
        0,
        0,
        39,
        0,
        0,
        0,
        0,
        0,
        0,
        0,
        0
      ],
      [
        0,
        0,
        0,
        0,
        0,
        0,
        1152,
        0,
        0,
        0,
        0,
        0,
        0,
        0
      ],
      [
        0,
        0,
        0,
        0,
        0,
        0,
        0,
        9,
        0,
        0,
        0,
        0,
        0,
        1
      ],
      [
        0,
        0,
        0,
        0,
        0,
        0,
        0,
        0,
        25,
        0,
        0,
        0,
        0,
        0
      ],
      [
        0,
        0,
        0,
        0,
        0,
        0,
        0,
        0,
        0,
        5,
        0,
        0,
        0,
        0
      ],
      [
        0,
        0,
        0,
        0,
        0,
        0,
        0,
        0,
        0,
        0,
        7,
        0,
        0,
        0
      ],
      [
        0,
        0,
        0,
        0,
        0,
        0,
        0,
        0,
        0,
        0,
        0,
        7,
        0,
        0
      ],
      [
        0,
        0,
        0,
        0,
        0,
        0,
        0,
        0,
        0,
        0,
        0,
        0,
        1,
        0
      ],
      [
        0,
        0,
        0,
        0,
        0,
        0,
        0,
        0,
        0,
        0,
        0,
        0,
        0,
        312
      ]
    ],
    "labels": [
      "BENIGN",
      "BRUTE FORCE",
      "COMMAND INJECTION",
      "DATA EXFILTRATION",
      "LOG4J JNDI",
      "MALWARE",
      "OTHER",
      "PATH TRAVERSAL",
      "PRIVILEGE ESCALATION",
      "REMOTE FILE INCLUSION",
      "SCANNER",
      "SQL INJECTION",
      "VULNERABILITY",
      "XSS"
    ]
  },
  "severity": {
    "accuracy": 0.9975711311589174,
    "precision_macro": 0.9922855441041515,
    "recall_macro": 0.9824973459078571,
    "f1_macro": 0.9873309202746877,
    "precision_weighted": 0.9975660011029922,
    "recall_weighted": 0.9975711311589174,
    "f1_weighted": 0.9975593005445541,
    "confusion_matrix": [
      [
        37,
        2,
        0,
        0
      ],
      [
        1,
        902,
        0,
        0
      ],
      [
        0,
        0,
        1713,
        0
      ],
      [
        0,
        0,
        4,
        223
      ]
    ],
    "labels": [
      "CRITICAL",
      "HIGH",
      "LOW",
      "MEDIUM"
    ]
  },
  "label": {
    "accuracy": 0.9986120749479528,
    "precision_macro": 0.9988351776354105,
    "recall_macro": 0.998289136013687,
    "f1_macro": 0.9985600115918567,
    "precision_weighted": 0.9986153083202347,
    "recall_weighted": 0.9986120749479528,
    "f1_weighted": 0.9986116949234559,
    "confusion_matrix": [
      [
        1165,
        4
      ],
      [
        0,
        1713
      ]
    ],
    "labels": [
      "adversarial",
      "normal"
    ]
  },
  "risk_score": {
    "mae": 0.531573050831713,
    "rmse": 1.0928074141129276,
    "mape": 1.3647926752470787,
    "r2": 0.9978164074137346
  },
  "calibration": {
    "coverage": 0.8913948646773074,
    "accept_precision": 1.0,
    "refusal_correctness": 1.0,
    "trust_correctness_correlation": 0.25392839871992556,
    "overconfidence_rate": 0.0,
    "underconfidence_rate": 0.0260235947258848,
    "adversarial_overconfidence_penalty": 0.0,
    "consistency_alignment": 0.07173193107462963,
    "trust_alignment_score": 0.6939535193704813,
    "ece": 0.17990133770902503,
    "ace": 0.17980384662298873,
    "brier": 0.05844271778859443,
    "aurc": -0.019789221551639168,
    "best_coverage_at_95_accuracy": 1.0,
    "reliability_diagram": {
      "midpoints": [
        0.03333333333333333,
        0.1,
        0.16666666666666669,
        0.23333333333333334,
        0.3,
        0.3666666666666667,
        0.43333333333333335,
        0.5,
        0.5666666666666667,
        0.6333333333333333,
        0.7,
        0.7666666666666666,
        0.8333333333333334,
        0.9,
        0.9666666666666667
      ],
      "accuracies": [
        0.0,
        0.6,
        0.8888888888888888,
        0.8461538461538461,
        1.0,
        1.0,
        1.0,
        1.0,
        1.0,
        1.0,
        1.0,
        1.0,
        1.0,
        1.0,
        1.0
      ],
      "confidences": [
        0.028096930995653198,
        0.09348304357607712,
        0.16755590417857857,
        0.23878120998721478,
        0.3053023475427167,
        0.3728069536639096,
        0.4360462599611026,
        0.5017538590754114,
        0.5676011416762147,
        0.6420028902264002,
        0.6986692850423568,
        0.7756320907296461,
        0.8302260263025809,
        0.8949937159710816,
        0.9659420183631251
      ],
      "counts": [
        5,
        5,
        9,
        13,
        21,
        32,
        45,
        67,
        84,
        168,
        272,
        336,
        642,
        69,
        1114
      ]
    },
    "refusal_accuracy": 0.0,
    "escalation_accuracy": 0.015841584158415842,
    "trust_risk_alignment": -0.15210346907574565
  },
  "joint_exact_match": 0.9965301873698821,
  "efficiency": {
    "train_time_seconds": 1144.845886799987,
    "total_inference_seconds": 0.7166680000082124,
    "average_latency_seconds_per_sample": 0.00024867036780298836,
    "feature_count": 32059,
    "parameter_count_estimate": 673239
  }
}