{
  "model_name": "lite",
  "dataset_rows": {
    "train": 23049,
    "val": 2881,
    "test": 2882
  },
  "threat_type": {
    "accuracy": 0.9986120749479528,
    "precision_macro": 0.9990958408679927,
    "recall_macro": 0.988328207995527,
    "f1_macro": 0.9933090623919972,
    "precision_weighted": 0.9986296436194977,
    "recall_weighted": 0.9986120749479528,
    "f1_weighted": 0.9985977468358035,
    "confusion_matrix": [
      [
        585,
        0,
        0,
        0,
        0,
        0,
        0,
        0,
        0,
        0,
        0,
        0,
        0,
        0
      ],
      [
        0,
        143,
        0,
        0,
        0,
        0,
        0,
        0,
        0,
        0,
        0,
        0,
        0,
        3
      ],
      [
        0,
        0,
        194,
        0,
        0,
        0,
        0,
        0,
        0,
        0,
        0,
        0,
        0,
        0
      ],
      [
        0,
        0,
        0,
        390,
        0,
        0,
        0,
        0,
        0,
        0,
        0,
        0,
        0,
        0
      ],
      [
        0,
        0,
        0,
        0,
        9,
        0,
        0,
        0,
        0,
        0,
        0,
        0,
        0,
        0
      ],
      [
        0,
        0,
        0,
        0,
        0,
        39,
        0,
        0,
        0,
        0,
        0,
        0,
        0,
        0
      ],
      [
        0,
        0,
        0,
        0,
        0,
        0,
        1152,
        0,
        0,
        0,
        0,
        0,
        0,
        0
      ],
      [
        0,
        0,
        0,
        0,
        0,
        0,
        0,
        10,
        0,
        0,
        0,
        0,
        0,
        0
      ],
      [
        0,
        0,
        0,
        0,
        0,
        0,
        0,
        0,
        25,
        0,
        0,
        0,
        0,
        0
      ],
      [
        0,
        0,
        0,
        0,
        0,
        0,
        0,
        0,
        0,
        5,
        0,
        0,
        0,
        0
      ],
      [
        0,
        0,
        0,
        0,
        0,
        0,
        0,
        0,
        0,
        0,
        7,
        0,
        0,
        0
      ],
      [
        0,
        0,
        0,
        0,
        0,
        0,
        0,
        0,
        0,
        0,
        0,
        6,
        0,
        1
      ],
      [
        0,
        0,
        0,
        0,
        0,
        0,
        0,
        0,
        0,
        0,
        0,
        0,
        1,
        0
      ],
      [
        0,
        0,
        0,
        0,
        0,
        0,
        0,
        0,
        0,
        0,
        0,
        0,
        0,
        312
      ]
    ],
    "labels": [
      "BENIGN",
      "BRUTE FORCE",
      "COMMAND INJECTION",
      "DATA EXFILTRATION",
      "LOG4J JNDI",
      "MALWARE",
      "OTHER",
      "PATH TRAVERSAL",
      "PRIVILEGE ESCALATION",
      "REMOTE FILE INCLUSION",
      "SCANNER",
      "SQL INJECTION",
      "VULNERABILITY",
      "XSS"
    ]
  },
  "severity": {
    "accuracy": 0.9947952810548231,
    "precision_macro": 0.9822143452014181,
    "recall_macro": 0.9602333687212286,
    "f1_macro": 0.9705392062994863,
    "precision_weighted": 0.994798435404457,
    "recall_weighted": 0.9947952810548231,
    "f1_weighted": 0.9947554630816255,
    "confusion_matrix": [
      [
        34,
        0,
        0,
        5
      ],
      [
        0,
        899,
        0,
        4
      ],
      [
        0,
        0,
        1713,
        0
      ],
      [
        1,
        1,
        4,
        221
      ]
    ],
    "labels": [
      "CRITICAL",
      "HIGH",
      "LOW",
      "MEDIUM"
    ]
  },
  "label": {
    "accuracy": 0.9996530187369882,
    "precision_macro": 0.999708284714119,
    "recall_macro": 0.9995722840034218,
    "f1_macro": 0.9996401502878236,
    "precision_weighted": 0.9996532211764649,
    "recall_weighted": 0.9996530187369882,
    "f1_weighted": 0.9996529951251547,
    "confusion_matrix": [
      [
        1168,
        1
      ],
      [
        0,
        1713
      ]
    ],
    "labels": [
      "adversarial",
      "normal"
    ]
  },
  "risk_score": {
    "mae": 1.3106959065970984,
    "rmse": 2.85348564449533,
    "mape": 3.2499531558807098,
    "r2": 0.9851120216169234
  },
  "calibration": {
    "coverage": 0.9243580846634282,
    "accept_precision": 0.9996246246246246,
    "refusal_correctness": 0.9444444444444444,
    "trust_correctness_correlation": 0.2598858219366752,
    "overconfidence_rate": 0.0,
    "underconfidence_rate": 0.05065926439972242,
    "adversarial_overconfidence_penalty": 0.0,
    "consistency_alignment": 0.32934794171949405,
    "trust_alignment_score": 0.7262763814010635,
    "ece": 0.18070392441703315,
    "ace": 0.1807039244170331,
    "brier": 0.0683927063081482,
    "aurc": -0.10231702856689638,
    "best_coverage_at_95_accuracy": 1.0,
    "reliability_diagram": {
      "midpoints": [
        0.03333333333333333,
        0.1,
        0.16666666666666669,
        0.23333333333333334,
        0.3,
        0.3666666666666667,
        0.43333333333333335,
        0.5,
        0.5666666666666667,
        0.6333333333333333,
        0.7,
        0.7666666666666666,
        0.8333333333333334,
        0.9,
        0.9666666666666667
      ],
      "accuracies": [
        0.5555555555555556,
        0.7647058823529411,
        0.8620689655172413,
        0.925,
        0.9666666666666667,
        0.9736842105263158,
        1.0,
        1.0,
        1.0,
        0.9942857142857143,
        1.0,
        1.0,
        1.0,
        1.0,
        1.0
      ],
      "confidences": [
        0.050308488851258305,
        0.10375025909931568,
        0.16607736556204802,
        0.23553256477640047,
        0.2993629157436139,
        0.3709713156786186,
        0.43166193661677293,
        0.5033268293699978,
        0.5728616888875566,
        0.6357441861684939,
        0.6986068943396264,
        0.7740142130327525,
        0.8296916654134968,
        0.8855746628953108,
        0.97768223191059
      ],
      "counts": [
        9,
        17,
        29,
        40,
        30,
        38,
        41,
        34,
        66,
        175,
        182,
        406,
        564,
        137,
        1114
      ]
    },
    "refusal_accuracy": 0.0,
    "escalation_accuracy": 0.031578947368421054,
    "trust_risk_alignment": -0.011168129666441852
  },
  "joint_exact_match": 0.9937543372657877,
  "efficiency": {
    "train_time_seconds": 598.352341699996,
    "total_inference_seconds": 0.6477211000019452,
    "average_latency_seconds_per_sample": 0.00022474708535806564,
    "feature_count": 50025,
    "parameter_count_estimate": 1050525
  }
}