{
  "model_name": "transformer",
  "status": "trained",
  "dataset_rows": {
    "train": 23049,
    "val": 2881,
    "test": 2882
  },
  "threat_type": {
    "accuracy": 0.979528105482304,
    "precision_macro": 0.9347741262492975,
    "recall_macro": 0.9674608345489583,
    "f1_macro": 0.9489405296063309,
    "precision_weighted": 0.9799065921032988,
    "recall_weighted": 0.979528105482304,
    "f1_weighted": 0.9791297292326262,
    "confusion_matrix": [
      [
        585,
        0,
        0,
        0,
        0,
        0,
        0,
        0,
        0,
        0,
        0,
        0,
        0,
        0
      ],
      [
        0,
        108,
        0,
        0,
        0,
        0,
        0,
        1,
        0,
        0,
        0,
        0,
        0,
        37
      ],
      [
        0,
        0,
        194,
        0,
        0,
        0,
        0,
        0,
        0,
        0,
        0,
        0,
        0,
        0
      ],
      [
        0,
        0,
        0,
        390,
        0,
        0,
        0,
        0,
        0,
        0,
        0,
        0,
        0,
        0
      ],
      [
        0,
        0,
        0,
        0,
        9,
        0,
        0,
        0,
        0,
        0,
        0,
        0,
        0,
        0
      ],
      [
        0,
        0,
        0,
        0,
        0,
        39,
        0,
        0,
        0,
        0,
        0,
        0,
        0,
        0
      ],
      [
        1,
        0,
        0,
        0,
        1,
        2,
        1147,
        0,
        0,
        0,
        1,
        0,
        0,
        0
      ],
      [
        0,
        0,
        0,
        0,
        0,
        0,
        0,
        10,
        0,
        0,
        0,
        0,
        0,
        0
      ],
      [
        0,
        0,
        0,
        0,
        0,
        0,
        0,
        0,
        25,
        0,
        0,
        0,
        0,
        0
      ],
      [
        0,
        0,
        0,
        0,
        0,
        0,
        0,
        0,
        0,
        5,
        0,
        0,
        0,
        0
      ],
      [
        0,
        0,
        0,
        0,
        0,
        0,
        0,
        0,
        0,
        0,
        7,
        0,
        0,
        0
      ],
      [
        0,
        0,
        0,
        0,
        0,
        0,
        0,
        0,
        0,
        0,
        0,
        6,
        0,
        1
      ],
      [
        0,
        0,
        0,
        0,
        0,
        0,
        0,
        0,
        0,
        0,
        0,
        0,
        1,
        0
      ],
      [
        0,
        12,
        0,
        0,
        0,
        0,
        0,
        0,
        0,
        0,
        0,
        3,
        0,
        297
      ]
    ],
    "labels": [
      "BENIGN",
      "BRUTE FORCE",
      "COMMAND INJECTION",
      "DATA EXFILTRATION",
      "LOG4J JNDI",
      "MALWARE",
      "OTHER",
      "PATH TRAVERSAL",
      "PRIVILEGE ESCALATION",
      "REMOTE FILE INCLUSION",
      "SCANNER",
      "SQL INJECTION",
      "VULNERABILITY",
      "XSS"
    ]
  },
  "severity": {
    "accuracy": 0.9902845246356696,
    "precision_macro": 0.9555787791677544,
    "recall_macro": 0.9915684381357938,
    "f1_macro": 0.9727244508534684,
    "precision_weighted": 0.9908574780843102,
    "recall_weighted": 0.9902845246356696,
    "f1_weighted": 0.9904390448011507,
    "confusion_matrix": [
      [
        39,
        0,
        0,
        0
      ],
      [
        4,
        899,
        0,
        0
      ],
      [
        0,
        0,
        1693,
        20
      ],
      [
        0,
        0,
        4,
        223
      ]
    ],
    "labels": [
      "CRITICAL",
      "HIGH",
      "LOW",
      "MEDIUM"
    ]
  },
  "label": {
    "accuracy": 0.9909784871616932,
    "precision_macro": 0.9897811700682168,
    "recall_macro": 0.9915959924034843,
    "f1_macro": 0.9906627070523403,
    "precision_weighted": 0.9910434578566881,
    "recall_weighted": 0.9909784871616932,
    "f1_weighted": 0.9909868285230724,
    "confusion_matrix": [
      [
        1163,
        6
      ],
      [
        20,
        1693
      ]
    ],
    "labels": [
      "adversarial",
      "normal"
    ]
  },
  "risk_score": {
    "mae": 0.4366439657853263,
    "rmse": 2.206311610352332,
    "mape": 1.1641743039559065,
    "r2": 0.9910994253644075,
    "exact_accuracy": 0.9899375433726578
  },
  "calibration": {
    "coverage": 0.8535739070090215,
    "accept_precision": 0.9995934959349594,
    "refusal_correctness": 0.9876543209876543,
    "trust_correctness_correlation": 0.48242317146781516,
    "overconfidence_rate": 0.00034698126301179735,
    "underconfidence_rate": 0.061415683553088136,
    "adversarial_overconfidence_penalty": 0.0,
    "consistency_alignment": 0.1393461644397729,
    "trust_alignment_score": 0.7397087266217948,
    "ece": 0.1490736089522596,
    "brier": 0.06638043488736106,
    "refusal_accuracy": 0.0,
    "escalation_accuracy": 0.075,
    "trust_risk_alignment": 0.012212598760026505
  },
  "joint_exact_match": 0.9718945176960444,
  "expected_action_accuracy": 0.7505204718945176,
  "expected_action_head_accuracy": 0.9961832061068703,
  "efficiency": {
    "train_time_seconds": 37.97167920001084,
    "total_inference_seconds": 2.138340400008019,
    "average_latency_seconds_per_sample": 0.0007419640527439345,
    "feature_count": 22021,
    "parameter_count": 3339903,
    "device": "cuda"
  }
}