{
  "model_name": "transformer_low_resource_nosampler",
  "status": "trained",
  "dataset_rows": {
    "train": 450,
    "val": 100,
    "test": 50
  },
  "threat_type": {
    "accuracy": 0.58,
    "precision_macro": 0.24240362811791386,
    "recall_macro": 0.32289055973266495,
    "f1_macro": 0.2627927627927628,
    "precision_weighted": 0.5931428571428572,
    "recall_weighted": 0.58,
    "f1_weighted": 0.5698368298368298,
    "confusion_matrix": [
      [
        5,
        0,
        4,
        0,
        0,
        0,
        0,
        0,
        0,
        0,
        0,
        0,
        0,
        0
      ],
      [
        1,
        0,
        1,
        0,
        0,
        0,
        0,
        0,
        0,
        0,
        0,
        0,
        0,
        0
      ],
      [
        0,
        0,
        1,
        0,
        0,
        0,
        2,
        0,
        0,
        0,
        0,
        0,
        0,
        0
      ],
      [
        0,
        0,
        0,
        5,
        0,
        0,
        0,
        0,
        0,
        0,
        0,
        0,
        0,
        0
      ],
      [
        0,
        0,
        0,
        0,
        0,
        0,
        0,
        0,
        0,
        0,
        0,
        1,
        0,
        0
      ],
      [
        0,
        0,
        0,
        1,
        0,
        0,
        0,
        0,
        0,
        0,
        0,
        0,
        0,
        0
      ],
      [
        3,
        0,
        3,
        0,
        0,
        0,
        12,
        0,
        1,
        0,
        0,
        0,
        0,
        0
      ],
      [
        0,
        0,
        0,
        0,
        0,
        0,
        0,
        0,
        0,
        0,
        0,
        0,
        0,
        1
      ],
      [
        0,
        0,
        0,
        0,
        0,
        0,
        0,
        0,
        0,
        0,
        0,
        0,
        0,
        0
      ],
      [
        0,
        0,
        0,
        0,
        0,
        0,
        0,
        0,
        0,
        0,
        0,
        1,
        0,
        0
      ],
      [
        0,
        0,
        0,
        1,
        0,
        0,
        0,
        0,
        0,
        0,
        0,
        0,
        0,
        0
      ],
      [
        0,
        0,
        0,
        0,
        0,
        0,
        0,
        0,
        0,
        0,
        0,
        1,
        0,
        0
      ],
      [
        0,
        0,
        1,
        0,
        0,
        0,
        0,
        0,
        0,
        0,
        0,
        0,
        0,
        0
      ],
      [
        0,
        0,
        0,
        0,
        0,
        0,
        0,
        0,
        0,
        0,
        0,
        0,
        0,
        5
      ]
    ],
    "labels": [
      "BENIGN",
      "BRUTE FORCE",
      "COMMAND INJECTION",
      "DATA EXFILTRATION",
      "LOG4J JNDI",
      "MALWARE",
      "OTHER",
      "PATH TRAVERSAL",
      "PRIVILEGE ESCALATION",
      "REMOTE FILE INCLUSION",
      "SCANNER",
      "SQL INJECTION",
      "VULNERABILITY",
      "XSS"
    ]
  },
  "severity": {
    "accuracy": 0.86,
    "precision_macro": 0.7091666666666666,
    "recall_macro": 0.8434453781512605,
    "f1_macro": 0.7182211538461538,
    "precision_weighted": 0.8983333333333333,
    "recall_weighted": 0.86,
    "f1_weighted": 0.8729038461538461,
    "confusion_matrix": [
      [
        1,
        0,
        0,
        0
      ],
      [
        2,
        15,
        0,
        0
      ],
      [
        0,
        0,
        23,
        2
      ],
      [
        1,
        0,
        2,
        4
      ]
    ],
    "labels": [
      "CRITICAL",
      "HIGH",
      "LOW",
      "MEDIUM"
    ]
  },
  "label": {
    "accuracy": 0.92,
    "precision_macro": 0.9310344827586207,
    "recall_macro": 0.9199999999999999,
    "f1_macro": 0.9194847020933977,
    "precision_weighted": 0.9310344827586207,
    "recall_weighted": 0.92,
    "f1_weighted": 0.9194847020933977,
    "confusion_matrix": [
      [
        21,
        4
      ],
      [
        0,
        25
      ]
    ],
    "labels": [
      "adversarial",
      "normal"
    ]
  },
  "risk_score": {
    "mae": 3.414546775817871,
    "rmse": 7.003203098388796,
    "mape": 8.408561062282985,
    "r2": 0.9102991191065871,
    "exact_accuracy": 0.86
  },
  "calibration": {
    "coverage": 0.28,
    "accept_precision": 0.9285714285714286,
    "refusal_correctness": 0.9583333333333334,
    "trust_correctness_correlation": 0.713480039106017,
    "overconfidence_rate": 0.0,
    "underconfidence_rate": 0.04,
    "adversarial_overconfidence_penalty": 0.0,
    "consistency_alignment": -0.09564097844163132,
    "trust_alignment_score": 0.6529341030592987,
    "ece": 0.21668104854073486,
    "brier": 0.1516803499651056,
    "refusal_accuracy": 0.0,
    "escalation_accuracy": 0.0,
    "trust_risk_alignment": 0.24555534269828067
  },
  "joint_exact_match": 0.52,
  "expected_action_accuracy": 0.22,
  "expected_action_head_accuracy": 0.98,
  "efficiency": {
    "train_time_seconds": 3.7311233999789692,
    "total_inference_seconds": 0.06650820001959801,
    "average_latency_seconds_per_sample": 0.0013301640003919601,
    "feature_count": 1472,
    "parameter_count": 462622,
    "device": "cuda"
  }
}