{
  "model_name": "lite_low_resource",
  "dataset_rows": {
    "train": 450,
    "val": 100,
    "test": 50
  },
  "threat_type": {
    "accuracy": 0.92,
    "precision_macro": 0.7167832167832168,
    "recall_macro": 0.7651821862348178,
    "f1_macro": 0.737081837081837,
    "precision_weighted": 0.8772727272727272,
    "recall_weighted": 0.92,
    "f1_weighted": 0.8946388206388207,
    "confusion_matrix": [
      [
        9,
        0,
        0,
        0,
        0,
        0,
        0,
        0,
        0,
        0,
        0,
        0,
        0
      ],
      [
        0,
        2,
        0,
        0,
        0,
        0,
        0,
        0,
        0,
        0,
        0,
        0,
        0
      ],
      [
        0,
        0,
        3,
        0,
        0,
        0,
        0,
        0,
        0,
        0,
        0,
        0,
        0
      ],
      [
        0,
        0,
        0,
        5,
        0,
        0,
        0,
        0,
        0,
        0,
        0,
        0,
        0
      ],
      [
        0,
        0,
        0,
        0,
        1,
        0,
        0,
        0,
        0,
        0,
        0,
        0,
        0
      ],
      [
        0,
        0,
        0,
        1,
        0,
        0,
        0,
        0,
        0,
        0,
        0,
        0,
        0
      ],
      [
        1,
        0,
        0,
        0,
        0,
        0,
        18,
        0,
        0,
        0,
        0,
        0,
        0
      ],
      [
        0,
        1,
        0,
        0,
        0,
        0,
        0,
        0,
        0,
        0,
        0,
        0,
        0
      ],
      [
        0,
        0,
        0,
        0,
        0,
        0,
        0,
        0,
        1,
        0,
        0,
        0,
        0
      ],
      [
        0,
        0,
        0,
        0,
        0,
        0,
        0,
        0,
        0,
        1,
        0,
        0,
        0
      ],
      [
        0,
        0,
        0,
        0,
        0,
        0,
        0,
        0,
        0,
        0,
        1,
        0,
        0
      ],
      [
        1,
        0,
        0,
        0,
        0,
        0,
        0,
        0,
        0,
        0,
        0,
        0,
        0
      ],
      [
        0,
        0,
        0,
        0,
        0,
        0,
        0,
        0,
        0,
        0,
        0,
        0,
        5
      ]
    ],
    "labels": [
      "BENIGN",
      "BRUTE FORCE",
      "COMMAND INJECTION",
      "DATA EXFILTRATION",
      "LOG4J JNDI",
      "MALWARE",
      "OTHER",
      "PATH TRAVERSAL",
      "REMOTE FILE INCLUSION",
      "SCANNER",
      "SQL INJECTION",
      "VULNERABILITY",
      "XSS"
    ]
  },
  "severity": {
    "accuracy": 0.94,
    "precision_macro": 0.8514957264957265,
    "recall_macro": 0.8928571428571428,
    "f1_macro": 0.8364400305576776,
    "precision_weighted": 0.9518803418803418,
    "recall_weighted": 0.94,
    "f1_weighted": 0.9356333078686021,
    "confusion_matrix": [
      [
        1,
        0,
        0,
        0
      ],
      [
        0,
        17,
        0,
        0
      ],
      [
        0,
        0,
        25,
        0
      ],
      [
        1,
        1,
        1,
        4
      ]
    ],
    "labels": [
      "CRITICAL",
      "HIGH",
      "LOW",
      "MEDIUM"
    ]
  },
  "label": {
    "accuracy": 1.0,
    "precision_macro": 1.0,
    "recall_macro": 1.0,
    "f1_macro": 1.0,
    "precision_weighted": 1.0,
    "recall_weighted": 1.0,
    "f1_weighted": 1.0,
    "confusion_matrix": [
      [
        25,
        0
      ],
      [
        0,
        25
      ]
    ],
    "labels": [
      "adversarial",
      "normal"
    ]
  },
  "risk_score": {
    "mae": 4.574695176305883,
    "rmse": 6.702886777618343,
    "mape": 10.62442544717499,
    "r2": 0.9178273993094396
  },
  "calibration": {
    "coverage": 0.72,
    "accept_precision": 0.9444444444444444,
    "refusal_correctness": 0.7142857142857143,
    "trust_correctness_correlation": 0.5837642157815731,
    "overconfidence_rate": 0.0,
    "underconfidence_rate": 0.0,
    "adversarial_overconfidence_penalty": 0.0,
    "consistency_alignment": 0.28399305487124543,
    "trust_alignment_score": 0.6935422775774777,
    "ece": 0.3709899389452075,
    "ace": 0.35948059911054087,
    "brier": 0.21788728953588674,
    "aurc": -0.04674858261169766,
    "best_coverage_at_95_accuracy": 0.82,
    "reliability_diagram": {
      "midpoints": [
        0.3666666666666667,
        0.43333333333333335,
        0.5,
        0.5666666666666667,
        0.6333333333333333
      ],
      "accuracies": [
        0.0,
        0.6,
        0.8333333333333334,
        1.0,
        1.0
      ],
      "confidences": [
        0.3762634643586388,
        0.4310181109081289,
        0.5021777204368784,
        0.5564933236376174,
        0.6046970076936236
      ],
      "counts": [
        2,
        5,
        18,
        23,
        2
      ]
    },
    "refusal_accuracy": 0.0,
    "escalation_accuracy": 0.0,
    "trust_risk_alignment": 0.1134664780549373
  },
  "joint_exact_match": 0.86,
  "efficiency": {
    "train_time_seconds": 9.927423799992539,
    "total_inference_seconds": 0.013386399994487874,
    "average_latency_seconds_per_sample": 0.00026772799988975746,
    "feature_count": 26680,
    "parameter_count_estimate": 506920
  }
}